INSERT INTO base_device_area (AREA_ID, AREA_NAME) VALUES ('000', '西安市高新区');
INSERT INTO base_device_brand (BRAND_ID, BRAND_NAME, ENG_NAME, TELEPHONE, MOBILEPHONE, EMAIL, CONTRACT_NO, CONTACTS, UPDATE_TIME) VALUES ('glory', '光荣', '3', '029-xxxxxxxx', '138xxxxxxxx', 'g@xxx.com', null, '3', '2014-06-23 14:08:13');
INSERT INTO base_device_fix_type (FIX_TYPE, FIX_NAME, START_TIME, END_TIME) VALUES ('000', '网点', null, null);
INSERT INTO base_device_model (DEVICE_BRAND, DEVICE_TYPE, DEVICE_MODEL) VALUES ('glory', '000', 'RBG100');
INSERT INTO base_device_provider (PROVIDER_ID, PROVIDER_NAME, CONTACTS, TELEPHONE, MOBILEPHONE, EMAIL, CONTRACT_NO) VALUES ('ethink', '银信博荣', null, null, null, null, null);
INSERT INTO base_device_type (TYPE_ID, TYPE_NAME, UPDATE_DATE) VALUES ('tcr', '现金循环机', '2014-06-23 14:08:44');
INSERT INTO base_org (ORG_ID, ORG_NAME, ORG_STATUS, ORG_TYPE, PARENT_ORG_ID, ORG_ADDRESS, ORG_PHONE, ORG_CONTACTS, UPDATE_DATE) VALUES ('1001', '默认机构', null, null, null, null, null, null, null);
INSERT INTO base_resource (MODULE_ID, MODULE_NAME, PARENT_MODULE_ID, MODULE_ORDER, MODULE_STATUS, MODULE_LEVEL, MODULE_URL, MODULE_AUTH, UPDATE_DATE, IS_USE_TIME) VALUES ('agent', '代理商管理', 'base_manager', null, '1', null, '/oa/agent/AgentInfo.html', null, null, null);
INSERT INTO base_resource (MODULE_ID, MODULE_NAME, PARENT_MODULE_ID, MODULE_ORDER, MODULE_STATUS, MODULE_LEVEL, MODULE_URL, MODULE_AUTH, UPDATE_DATE, IS_USE_TIME) VALUES ('application', '工单申请', 'app_manager', null, '1', null, '/oa/application/application.html', null, null, null);
INSERT INTO base_resource (MODULE_ID, MODULE_NAME, PARENT_MODULE_ID, MODULE_ORDER, MODULE_STATUS, MODULE_LEVEL, MODULE_URL, MODULE_AUTH, UPDATE_DATE, IS_USE_TIME) VALUES ('app_manager', '工单业务', null, 25, '1', 1, null, null, null, null);
INSERT INTO base_resource (MODULE_ID, MODULE_NAME, PARENT_MODULE_ID, MODULE_ORDER, MODULE_STATUS, MODULE_LEVEL, MODULE_URL, MODULE_AUTH, UPDATE_DATE, IS_USE_TIME) VALUES ('base_manager', '自有功能', null, 25, '1', 1, null, null, null, null);
INSERT INTO base_resource (MODULE_ID, MODULE_NAME, PARENT_MODULE_ID, MODULE_ORDER, MODULE_STATUS, MODULE_LEVEL, MODULE_URL, MODULE_AUTH, UPDATE_DATE, IS_USE_TIME) VALUES ('dev', '设备管理', 'base_manager', null, '1', null, '/oa/dev/DevInfo.html', null, null, null);
INSERT INTO base_resource (MODULE_ID, MODULE_NAME, PARENT_MODULE_ID, MODULE_ORDER, MODULE_STATUS, MODULE_LEVEL, MODULE_URL, MODULE_AUTH, UPDATE_DATE, IS_USE_TIME) VALUES ('F001', '用户管理', 'base_manager', null, '1', null, '/platform/F001/F001.html', null, null, null);
INSERT INTO base_resource (MODULE_ID, MODULE_NAME, PARENT_MODULE_ID, MODULE_ORDER, MODULE_STATUS, MODULE_LEVEL, MODULE_URL, MODULE_AUTH, UPDATE_DATE, IS_USE_TIME) VALUES ('F002', '资源管理', 'base_manager', null, '0', null, '/platform/F002/F002.html', null, null, null);
INSERT INTO base_resource (MODULE_ID, MODULE_NAME, PARENT_MODULE_ID, MODULE_ORDER, MODULE_STATUS, MODULE_LEVEL, MODULE_URL, MODULE_AUTH, UPDATE_DATE, IS_USE_TIME) VALUES ('F003', '设备品牌管理', 'base_manager', null, '0', null, '/platform/F003/F003.html', null, null, null);
INSERT INTO base_resource (MODULE_ID, MODULE_NAME, PARENT_MODULE_ID, MODULE_ORDER, MODULE_STATUS, MODULE_LEVEL, MODULE_URL, MODULE_AUTH, UPDATE_DATE, IS_USE_TIME) VALUES ('F004', '角色管理', 'base_manager', null, '1', null, '/platform/F004/F004.html', null, null, null);
INSERT INTO base_resource (MODULE_ID, MODULE_NAME, PARENT_MODULE_ID, MODULE_ORDER, MODULE_STATUS, MODULE_LEVEL, MODULE_URL, MODULE_AUTH, UPDATE_DATE, IS_USE_TIME) VALUES ('F005', '设备类型管理', 'base_manager', null, '0', null, '/platform/F005/F005.html', null, null, null);
INSERT INTO base_resource (MODULE_ID, MODULE_NAME, PARENT_MODULE_ID, MODULE_ORDER, MODULE_STATUS, MODULE_LEVEL, MODULE_URL, MODULE_AUTH, UPDATE_DATE, IS_USE_TIME) VALUES ('F008', '客户信息管理', 'base_manager', null, '1', null, '/oa/F0111/F0111.html', null, null, null);
INSERT INTO base_resource (MODULE_ID, MODULE_NAME, PARENT_MODULE_ID, MODULE_ORDER, MODULE_STATUS, MODULE_LEVEL, MODULE_URL, MODULE_AUTH, UPDATE_DATE, IS_USE_TIME) VALUES ('F010', '长短款处理', 'base_manager', null, '0', null, '/platform/F010/F010.html', null, null, null);
INSERT INTO base_resource (MODULE_ID, MODULE_NAME, PARENT_MODULE_ID, MODULE_ORDER, MODULE_STATUS, MODULE_LEVEL, MODULE_URL, MODULE_AUTH, UPDATE_DATE, IS_USE_TIME) VALUES ('F011', '现金账户余额查询', 'base_manager', null, '0', null, '/platform/F011/F011.html', null, null, null);
INSERT INTO base_resource (MODULE_ID, MODULE_NAME, PARENT_MODULE_ID, MODULE_ORDER, MODULE_STATUS, MODULE_LEVEL, MODULE_URL, MODULE_AUTH, UPDATE_DATE, IS_USE_TIME) VALUES ('F012', '密码修改', 'base_manager', null, '1', null, '/platform/F012/F012.html', null, null, null);
INSERT INTO base_resource (MODULE_ID, MODULE_NAME, PARENT_MODULE_ID, MODULE_ORDER, MODULE_STATUS, MODULE_LEVEL, MODULE_URL, MODULE_AUTH, UPDATE_DATE, IS_USE_TIME) VALUES ('F013', '密码重置', 'base_manager', null, '1', null, '/platform/F013/F013.html', null, null, null);
INSERT INTO base_resource (MODULE_ID, MODULE_NAME, PARENT_MODULE_ID, MODULE_ORDER, MODULE_STATUS, MODULE_LEVEL, MODULE_URL, MODULE_AUTH, UPDATE_DATE, IS_USE_TIME) VALUES ('F020', '区域管理', 'base_manager', null, '1', null, '/oa/address/addressinfo.html', null, null, null);
INSERT INTO base_resource (MODULE_ID, MODULE_NAME, PARENT_MODULE_ID, MODULE_ORDER, MODULE_STATUS, MODULE_LEVEL, MODULE_URL, MODULE_AUTH, UPDATE_DATE, IS_USE_TIME) VALUES ('system', '系统管理', 'ROOT', 17, 'hide', 1, null, null, null, null);
INSERT INTO base_role (ROLE_ID, ROLE_NAME, ROLE_DESC) VALUES ('003', '普通永华', '普通');
INSERT INTO base_role (ROLE_ID, ROLE_NAME, ROLE_DESC) VALUES ('aaaa', 'aaa', 'aaaa');
INSERT INTO base_role (ROLE_ID, ROLE_NAME, ROLE_DESC) VALUES ('admin', 'admin', '管理员');
INSERT INTO base_role (ROLE_ID, ROLE_NAME, ROLE_DESC) VALUES ('szdfc', 'zcz', 'xzc');
INSERT INTO base_role_resource (ROLE_ID, MODULE_ID) VALUES ('szdfc', 'base_manager');
INSERT INTO base_role_resource (ROLE_ID, MODULE_ID) VALUES ('szdfc', 'agent');
INSERT INTO base_role_resource (ROLE_ID, MODULE_ID) VALUES ('szdfc', 'agent1');
INSERT INTO base_role_resource (ROLE_ID, MODULE_ID) VALUES ('szdfc', 'dev');
INSERT INTO base_role_resource (ROLE_ID, MODULE_ID) VALUES ('szdfc', 'F001');
INSERT INTO base_role_resource (ROLE_ID, MODULE_ID) VALUES ('szdfc', 'F004');
INSERT INTO base_role_resource (ROLE_ID, MODULE_ID) VALUES ('szdfc', 'F008');
INSERT INTO base_role_resource (ROLE_ID, MODULE_ID) VALUES ('szdfc', 'F012');
INSERT INTO base_role_resource (ROLE_ID, MODULE_ID) VALUES ('szdfc', 'F013');
INSERT INTO base_role_resource (ROLE_ID, MODULE_ID) VALUES ('szdfc', 'F020');
INSERT INTO base_role_resource (ROLE_ID, MODULE_ID) VALUES ('admin', 'app_manager');
INSERT INTO base_role_resource (ROLE_ID, MODULE_ID) VALUES ('admin', 'application');
INSERT INTO base_role_resource (ROLE_ID, MODULE_ID) VALUES ('admin', 'base_manager');
INSERT INTO base_role_resource (ROLE_ID, MODULE_ID) VALUES ('admin', 'agent');
INSERT INTO base_role_resource (ROLE_ID, MODULE_ID) VALUES ('admin', 'dev');
INSERT INTO base_role_resource (ROLE_ID, MODULE_ID) VALUES ('admin', 'F001');
INSERT INTO base_role_resource (ROLE_ID, MODULE_ID) VALUES ('admin', 'F004');
INSERT INTO base_role_resource (ROLE_ID, MODULE_ID) VALUES ('admin', 'F008');
INSERT INTO base_role_resource (ROLE_ID, MODULE_ID) VALUES ('admin', 'F012');
INSERT INTO base_role_resource (ROLE_ID, MODULE_ID) VALUES ('admin', 'F013');
INSERT INTO base_role_resource (ROLE_ID, MODULE_ID) VALUES ('admin', 'F020');
INSERT INTO base_role_resource (ROLE_ID, MODULE_ID) VALUES ('aaaa', 'app_manager');
INSERT INTO base_role_resource (ROLE_ID, MODULE_ID) VALUES ('aaaa', 'application');
INSERT INTO base_role_resource (ROLE_ID, MODULE_ID) VALUES ('aaaa', 'base_manager');
INSERT INTO base_role_resource (ROLE_ID, MODULE_ID) VALUES ('aaaa', 'F004');
INSERT INTO base_role_resource (ROLE_ID, MODULE_ID) VALUES ('003', 'base_manager');
INSERT INTO base_role_resource (ROLE_ID, MODULE_ID) VALUES ('003', 'F012');
INSERT INTO base_role_user (ROLE_ID, USER_ID) VALUES ('admin', 'admin');
INSERT INTO base_user (USER_ID, USER_NAME, TELEPHONE, MOBILEPHONE, EMAIL, PASSWORD, LAST_LOGIN_DATE, ROLE_ID, UPDATE_TIME, FREEZE_USER, ADDRESS_ID, org_id, account_id, org_admin) VALUES ('admin', 'admin', '13255556666', '13255556666', '525463017@qqco', 'e10adc3949ba59abbe56e057f20f883e', null, 'admin', '2018-04-17 21:01:49', 'N', 1, '1001', '002', '1');
INSERT INTO base_user (USER_ID, USER_NAME, TELEPHONE, MOBILEPHONE, EMAIL, PASSWORD, LAST_LOGIN_DATE, ROLE_ID, UPDATE_TIME, FREEZE_USER, ADDRESS_ID, org_id, account_id, org_admin) VALUES ('dfdf', 'fdf', '13255556666', '13571879076', '525463@qq.com', 'eed8cdc400dfd4ec85dff70a170066b7', null, 'aaaa', '2018-04-18 18:01:04', 'N', 1, null, null, null);
INSERT INTO base_user (USER_ID, USER_NAME, TELEPHONE, MOBILEPHONE, EMAIL, PASSWORD, LAST_LOGIN_DATE, ROLE_ID, UPDATE_TIME, FREEZE_USER, ADDRESS_ID, org_id, account_id, org_admin) VALUES ('qfeng', '乔峰', '12345678901', '18791513746', 'tianwanfu@ethinkbank.com', '96e79218965eb72c92a549dd5a330112', null, 'admin', '2018-04-18 17:59:24', 'N', 2, null, null, null);
INSERT INTO base_user (USER_ID, USER_NAME, TELEPHONE, MOBILEPHONE, EMAIL, PASSWORD, LAST_LOGIN_DATE, ROLE_ID, UPDATE_TIME, FREEZE_USER, ADDRESS_ID, org_id, account_id, org_admin) VALUES ('sdfsf', 'dfa', '029-88888888', '13571879071', '525463017@qq.com', 'b54aec7aa025d07993c1e95ce57fce91', null, 'admin', '2018-04-18 17:58:55', 'Y', 1, null, null, null);
INSERT INTO oa_address (ADDRESS_ID, ADDRESS_NAME, ADDRESS_UPNAME, ADDRESS_UPID, REMARK1, REMARK2) VALUES (1, '服', '无', '0', null, null);
INSERT INTO oa_address (ADDRESS_ID, ADDRESS_NAME, ADDRESS_UPNAME, ADDRESS_UPID, REMARK1, REMARK2) VALUES (2, 'cv', 'cb', 'cb', null, null);
INSERT INTO oa_agent (AGENT_ID, AGENT_NAME, AGENT_ADDRESS, LINKMAN, EMAIL, TEL, REMARK1, REMARK2) VALUES ('008', 'dfgd', 'dfgd', 'fgd', '525463017@qq.com', '13571879076', null, null);
INSERT INTO oa_agent (AGENT_ID, AGENT_NAME, AGENT_ADDRESS, LINKMAN, EMAIL, TEL, REMARK1, REMARK2) VALUES ('100100', 'df', 'sdfsdf', 'sfds', '525463017@qq.com', '13571879076', null, null);
INSERT INTO oa_agent (AGENT_ID, AGENT_NAME, AGENT_ADDRESS, LINKMAN, EMAIL, TEL, REMARK1, REMARK2) VALUES ('1002e', 'sada', 'asda', 'adsa', '525463017@qq.com', '13571879076', null, null);
INSERT INTO oa_agent (AGENT_ID, AGENT_NAME, AGENT_ADDRESS, LINKMAN, EMAIL, TEL, REMARK1, REMARK2) VALUES ('123123', '11', '2323', '12', '1@D.COM', '13522101254', null, null);
INSERT INTO oa_agent (AGENT_ID, AGENT_NAME, AGENT_ADDRESS, LINKMAN, EMAIL, TEL, REMARK1, REMARK2) VALUES ('45152', 'xcvs', 'dfgd', 'dfds', '525463017@qq.com', '13571879076', null, null);
INSERT INTO oa_agent (AGENT_ID, AGENT_NAME, AGENT_ADDRESS, LINKMAN, EMAIL, TEL, REMARK1, REMARK2) VALUES ('admin', 'asd', 'sdfas', 'sdf', '525463017@qq.com', '13571879076', null, null);
INSERT INTO oa_agent (AGENT_ID, AGENT_NAME, AGENT_ADDRESS, LINKMAN, EMAIL, TEL, REMARK1, REMARK2) VALUES ('dgfd', 'dfg', 'dfgd', 'dfgfd', '525463017@qq.com', '13571879076', null, null);
INSERT INTO oa_agent (AGENT_ID, AGENT_NAME, AGENT_ADDRESS, LINKMAN, EMAIL, TEL, REMARK1, REMARK2) VALUES ('sdf', 'sfs', 'sdfdsf', 'ds', '525463017@qq.com', '13571879076', null, null);
INSERT INTO oa_agent (AGENT_ID, AGENT_NAME, AGENT_ADDRESS, LINKMAN, EMAIL, TEL, REMARK1, REMARK2) VALUES ('xfgdvdxz', 'xbvxv', 'xvcxxv', 'xcvx', '123@qq.com', '13571879076', null, null);
INSERT INTO oa_agent (AGENT_ID, AGENT_NAME, AGENT_ADDRESS, LINKMAN, EMAIL, TEL, REMARK1, REMARK2) VALUES ('zfsddsa', 'zxcz', 'zcxxz', 'zzc', 'czcz', 'zczx', null, null);
INSERT INTO oa_customer_info (CUSTOMER_TYPE, ORG_ID_P, ORG_NAME, ORG_TYPE, PARENT_ORG_ID, ORG_ADDRESS, ORG_PHONE, UPDATE_DATE, AREA_ID, LINKMAN, EMAIL, REMARK1, REMARK2, AGENT_ID) VALUES ('1', '0001', '建设', '', '', '兰州', '18735716702', '2018-04-19 14:06:07', '1', '张三', '888@qq.com', '', '', '');
INSERT INTO oa_customer_info (CUSTOMER_TYPE, ORG_ID_P, ORG_NAME, ORG_TYPE, PARENT_ORG_ID, ORG_ADDRESS, ORG_PHONE, UPDATE_DATE, AREA_ID, LINKMAN, EMAIL, REMARK1, REMARK2, AGENT_ID) VALUES ('总行', '1', '农总行', null, null, '北京市', '10086', null, null, null, '', null, null, null);
INSERT INTO oa_customer_info (CUSTOMER_TYPE, ORG_ID_P, ORG_NAME, ORG_TYPE, PARENT_ORG_ID, ORG_ADDRESS, ORG_PHONE, UPDATE_DATE, AREA_ID, LINKMAN, EMAIL, REMARK1, REMARK2, AGENT_ID) VALUES ('1', '111', '王五', '', '', '我', '18735716702', '2018-04-19 10:16:22', '', '我', '923160341@qq.com', '', '', '');
INSERT INTO oa_customer_info (CUSTOMER_TYPE, ORG_ID_P, ORG_NAME, ORG_TYPE, PARENT_ORG_ID, ORG_ADDRESS, ORG_PHONE, UPDATE_DATE, AREA_ID, LINKMAN, EMAIL, REMARK1, REMARK2, AGENT_ID) VALUES ('p', '111A', 'qqq', '', '', '我', '18735716702', '2018-04-19 13:43:22', '', '我', '923160341@qq.com', '', '', '');
INSERT INTO oa_customer_info (CUSTOMER_TYPE, ORG_ID_P, ORG_NAME, ORG_TYPE, PARENT_ORG_ID, ORG_ADDRESS, ORG_PHONE, UPDATE_DATE, AREA_ID, LINKMAN, EMAIL, REMARK1, REMARK2, AGENT_ID) VALUES ('1', '111X', '兰州', '1', '1', '我', '18735716702', '2018-04-19 14:12:11', '1', '我', '923160341@qq.com', '', '', '');
INSERT INTO oa_device (ID, DEVICE_ID, DEVICE_TYPE, HOST_NUM, TCR_NUM, MANAGER_NAME, MANAGER_TEL, ARRIVE_TIME, SETUP_TIME, SETUP_BRANCH_ID, SETUP_MAN, SETUP_MAN_TEL, SETUP_TYPE, ACCPET_TIME, START_TIME, OUTOF_TIME, EXP_TIME, SERVICER, REPAIR_STATUS, OUT_OF_SIGN, LICENSE_TIME, REMARK1, REMARK2) VALUES ('be93dcf5-ecd6-47ad-b289-d89575d025eb', '1301KE44', '1', '200', 'T003', '王', '18291939409', '2018-04-01 14:12:00', '2018-04-02 14:12:00', '', '钟鑫', '18291939409', '2', '2018-04-03 14:12:00', '2018-04-04 14:12:00', '2018-04-05 14:12:00', '1', '银信', '1', '1', '2018-04-06 14:12:00', null, null);
INSERT INTO oa_device (ID, DEVICE_ID, DEVICE_TYPE, HOST_NUM, TCR_NUM, MANAGER_NAME, MANAGER_TEL, ARRIVE_TIME, SETUP_TIME, SETUP_BRANCH_ID, SETUP_MAN, SETUP_MAN_TEL, SETUP_TYPE, ACCPET_TIME, START_TIME, OUTOF_TIME, EXP_TIME, SERVICER, REPAIR_STATUS, OUT_OF_SIGN, LICENSE_TIME, REMARK1, REMARK2) VALUES ('e690c826-d769-46d6-89be-c79fba396ce5', '1301KE33', '1', '220', 'T007', '王', '18291939409', '2018-04-01 11:34:00', '2018-04-02 11:34:00', '1', '李瑞峰', '18200398932', '1', '2018-04-03 11:34:00', '2018-04-04 11:34:00', '2018-04-05 11:34:00', '1', '银信', '1', '1', '2018-04-06 11:34:00', null, null);
INSERT INTO oa_device (ID, DEVICE_ID, DEVICE_TYPE, HOST_NUM, TCR_NUM, MANAGER_NAME, MANAGER_TEL, ARRIVE_TIME, SETUP_TIME, SETUP_BRANCH_ID, SETUP_MAN, SETUP_MAN_TEL, SETUP_TYPE, ACCPET_TIME, START_TIME, OUTOF_TIME, EXP_TIME, SERVICER, REPAIR_STATUS, OUT_OF_SIGN, LICENSE_TIME, REMARK1, REMARK2) VALUES ('f7eaa5e2-0847-4633-9f81-65c1dd9a4689', '1301KE22', '1', '200', 'T009', '张锦涛', '18291939409', '2018-04-01 11:25:00', '2018-04-02 11:25:00', '111X', '梁石生', '18291939409', '1', '2018-04-03 11:25:00', '2018-04-04 11:25:00', '2018-04-05 11:25:00', '1', '银信', '1', '1', '2018-04-06 11:25:00', null, null);
